<?xml version="1.0"?>
<data grt_format="2.0">
  <value _ptr_="08E3BD58" type="list" content-type="object" content-struct-name="db.mgmt.Connection">
    <value type="object" struct-name="db.mgmt.Connection" id="{A1510871-8559-4E9D-AB55-4A75B9764091}" struct-checksum="0x96ba47d8">
      <link type="object" struct-name="db.mgmt.Driver" key="driver">com.mysql.rdbms.mysql.driver.native</link>
      <value type="string" key="hostIdentifier">Mysql@localhost:3306</value>
      <value type="int" key="isDefault">0</value>
      <value _ptr_="0D383DB0" type="dict" key="modules"/>
      <value _ptr_="0D383D30" type="dict" key="parameterValues">
        <value type="string" key="DbSqlEditor:LastDefaultSchema">shopdobaudb</value>
        <value type="string" key="SQL_MODE"></value>
        <value type="string" key="hostName">localhost</value>
        <value type="int" key="lastConnected">1426233259</value>
        <value type="string" key="password"></value>
        <value type="int" key="port">3306</value>
        <value type="string" key="schema"></value>
        <value type="string" key="serverVersion">5.6.17</value>
        <value type="string" key="sslCA"></value>
        <value type="string" key="sslCert"></value>
        <value type="string" key="sslCipher"></value>
        <value type="string" key="sslKey"></value>
        <value type="int" key="useSSL">1</value>
        <value type="string" key="userName">root</value>
      </value>
      <value type="string" key="name">local_conn</value>
      <link type="object" struct-name="GrtObject" key="owner">{4CBD89F2-8641-40F2-A23E-3F7AE9CAE178}</link>
    </value>
    <value type="object" struct-name="db.mgmt.Connection" id="{30719F35-A085-46E7-BE13-F1E9D51A79A6}" struct-checksum="0x96ba47d8">
      <link type="object" struct-name="db.mgmt.Driver" key="driver">com.mysql.rdbms.mysql.driver.native</link>
      <value type="string" key="hostIdentifier">Mysql@112.78.2.151:3306</value>
      <value type="int" key="isDefault">0</value>
      <value _ptr_="0D383D70" type="dict" key="modules"/>
      <value _ptr_="0D383CF0" type="dict" key="parameterValues">
        <value type="string" key=""></value>
        <value type="string" key="DbSqlEditor:LastDefaultSchema">sanakymi_winline</value>
        <value type="string" key="SQL_MODE"></value>
        <value type="string" key="hostName">112.78.2.151</value>
        <value type="int" key="lastConnected">1427910387</value>
        <value type="string" key="password"></value>
        <value type="int" key="port">3306</value>
        <value type="string" key="schema"></value>
        <value type="string" key="serverVersion">5.5.40-cll</value>
        <value type="string" key="sslCA"></value>
        <value type="string" key="sslCert"></value>
        <value type="string" key="sslCipher"></value>
        <value type="string" key="sslKey"></value>
        <value type="int" key="useSSL">1</value>
        <value type="string" key="userName">sanakymi</value>
      </value>
      <value type="string" key="name">sanaky_conn</value>
      <link type="object" struct-name="GrtObject" key="owner">{4CBD89F2-8641-40F2-A23E-3F7AE9CAE178}</link>
    </value>
    <value type="object" struct-name="db.mgmt.Connection" id="{1AC9649C-8FC8-4F22-836A-A5B595563960}" struct-checksum="0x96ba47d8">
      <link type="object" struct-name="db.mgmt.Driver" key="driver">com.mysql.rdbms.mysql.driver.native</link>
      <value type="string" key="hostIdentifier">Mysql@123.30.129.231:3306</value>
      <value type="int" key="isDefault">1</value>
      <value _ptr_="0DE97C68" type="dict" key="modules"/>
      <value _ptr_="0DE980A8" type="dict" key="parameterValues">
        <value type="string" key=""></value>
        <value type="string" key="SQL_MODE"></value>
        <value type="string" key="hostName">123.30.129.231</value>
        <value type="int" key="lastConnected">1427911228</value>
        <value type="string" key="password"></value>
        <value type="int" key="port">3306</value>
        <value type="string" key="schema"></value>
        <value type="string" key="serverVersion">5.5.32-cll-lve</value>
        <value type="string" key="sslCA"></value>
        <value type="string" key="sslCert"></value>
        <value type="string" key="sslCipher"></value>
        <value type="string" key="sslKey"></value>
        <value type="int" key="useSSL">1</value>
        <value type="string" key="userName">cafeitvn_webtour</value>
      </value>
      <value type="string" key="name">cafeitvn_webtourdb</value>
    </value>
  </value>
</data>
