<?xml version="1.0"?>
<data grt_format="2.0">
  <value _ptr_="08E3BCC8" type="list" content-type="object" content-struct-name="db.mgmt.ServerInstance">
    <value type="object" struct-name="db.mgmt.ServerInstance" id="{FD03A3E6-EA99-415C-811C-C240C5AA0BC5}" struct-checksum="0x367436e2">
      <link type="object" struct-name="db.mgmt.Connection" key="connection">{A1510871-8559-4E9D-AB55-4A75B9764091}</link>
      <value _ptr_="0D384030" type="dict" key="loginInfo">
        <value type="string" key="wmi.hostName"></value>
        <value type="string" key="wmi.userName"></value>
      </value>
      <value _ptr_="0D383BF0" type="dict" key="serverInfo">
        <value type="int" key="setupPending">0</value>
        <value type="string" key="sys.config.path"></value>
        <value type="string" key="sys.config.section">mysqld</value>
        <value type="string" key="sys.mysqld.service_name">wampmysqld64</value>
        <value type="string" key="sys.preset">Custom</value>
        <value type="string" key="sys.sudo"></value>
        <value type="string" key="sys.system">Windows</value>
        <value type="int" key="windowsAdmin">1</value>
      </value>
      <value type="string" key="name">local_conn</value>
    </value>
    <value type="object" struct-name="db.mgmt.ServerInstance" id="{8EFB3FDB-7F39-441F-A465-A96FDFF4A6D6}" struct-checksum="0x367436e2">
      <link type="object" struct-name="db.mgmt.Connection" key="connection">{30719F35-A085-46E7-BE13-F1E9D51A79A6}</link>
      <value _ptr_="0D383BB0" type="dict" key="loginInfo"/>
      <value _ptr_="0D383B70" type="dict" key="serverInfo">
        <value type="int" key="setupPending">0</value>
        <value type="string" key="sys.sudo"></value>
      </value>
      <value type="string" key="name">sanaky_conn</value>
    </value>
    <value type="object" struct-name="db.mgmt.ServerInstance" id="{449F3C83-3204-4687-A816-752882D060D0}" struct-checksum="0x367436e2">
      <link type="object" struct-name="db.mgmt.Connection" key="connection">{1AC9649C-8FC8-4F22-836A-A5B595563960}</link>
      <value _ptr_="0DDEA900" type="dict" key="loginInfo"/>
      <value _ptr_="0DDEA140" type="dict" key="serverInfo">
        <value type="int" key="setupPending">0</value>
        <value type="string" key="sys.sudo"></value>
      </value>
      <value type="string" key="name">cafeitvn_webtourdb</value>
      <link type="object" struct-name="GrtObject" key="owner">{4CBD89F2-8641-40F2-A23E-3F7AE9CAE178}</link>
    </value>
  </value>
</data>
